[
  {
    "id": "6283834558105@s.whatsapp.net",
    "balance": 5541
  },
  {
    "id": "6282188372565@s.whatsapp.net",
    "balance": 35
  },
  {
    "id": "212706860865@s.whatsapp.net",
    "balance": 24
  },
  {
    "id": "6281346074841@s.whatsapp.net",
    "balance": 875
  },
  {
    "id": "6288228134520@s.whatsapp.net",
    "balance": 6
  },
  {
    "id": "6285894000952@s.whatsapp.net",
    "balance": 8
  },
  {
    "id": "212651049058@s.whatsapp.net",
    "balance": 28
  },
  {
    "id": "628999625005@s.whatsapp.net",
    "balance": 67
  },
  {
    "id": "6281807254833@s.whatsapp.net",
    "balance": 57
  },
  {
    "id": "6282157400194@s.whatsapp.net",
    "balance": 117
  },
  {
    "id": "6285820020787@s.whatsapp.net",
    "balance": 18
  },
  {
    "id": "6283873694593@s.whatsapp.net",
    "balance": 54
  },
  {
    "id": "6285789004732@s.whatsapp.net",
    "balance": 166
  },
  {
    "id": "6282179063413@s.whatsapp.net",
    "balance": 29
  },
  {
    "id": "6287734826847@s.whatsapp.net",
    "balance": 293
  },
  {
    "id": "6283119591196@s.whatsapp.net",
    "balance": 440
  }
]