{
  "creds": {
    "noiseKey": {
      "private": {
        "type": "Buffer",
        "data": "aPZNHRcDJWKn8heNTkrRxPxaBNHeGN92XcRJyrFKd3U="
      },
      "public": {
        "type": "Buffer",
        "data": "CxhO1XY1VPpTgI1E8ePFcRxXNw7+h9aQbqSqIvX4vTE="
      }
    },
    "signedIdentityKey": {
      "private": {
        "type": "Buffer",
        "data": "aDS3GIWndmKWl1LgKHOfh+F2kfOQ4C930F++FvSLQ1k="
      },
      "public": {
        "type": "Buffer",
        "data": "UmKR73ufh/iHfcmXjYs7kHAMTFJtscAYlm0uiImOAU0="
      }
    },
    "signedPreKey": {
      "keyPair": {
        "private": {
          "type": "Buffer",
          "data": "2PltPuTsITNO/h7UG4dUoNaMnk8GzbAxBUO3p+uFlXw="
        },
        "public": {
          "type": "Buffer",
          "data": "FXA/lAsJz+1CdX4jCXejiKnUHuh6ZZqegcUyE/XBu3c="
        }
      },
      "signature": {
        "type": "Buffer",
        "data": "/Po+HU2cq2eQPY2keRXA1YRYzy8BgGv7sXmjZMR38O3mLUbJFaaCVV+J1jMVaDoxUVj2Q1ks96/nfDPvRCUKAg=="
      },
      "keyId": 1
    },
    "registrationId": 150,
    "advSecretKey": "ZrI5+5WQRVzr8zqCt6qxj9hpNSp8W1mlbjjSrERJZw8=",
    "processedHistoryMessages": [
      {
        "key": {
          "remoteJid": "6285700532249@s.whatsapp.net",
          "fromMe": true,
          "id": "826661829231B763001E71507251C13F"
        },
        "messageTimestamp": 1662471338
      },
      {
        "key": {
          "remoteJid": "6285700532249@s.whatsapp.net",
          "fromMe": true,
          "id": "6CC3CAECCD64AAFB7DB8A907D75DDE6F"
        },
        "messageTimestamp": 1662471338
      },
      {
        "key": {
          "remoteJid": "6285700532249@s.whatsapp.net",
          "fromMe": true,
          "id": "CB3FEE722BCA1D5B421C6CEFF004058B"
        },
        "messageTimestamp": 1662471344
      }
    ],
    "nextPreKeyId": 31,
    "firstUnuploadedPreKeyId": 31,
    "accountSettings": {
      "unarchiveChats": false
    },
    "account": {
      "details": "CMrixYkGEKSZ3ZgGGAE=",
      "accountSignatureKey": "yFZm9AtxqUFyg8tLQ67w9EUQshSchq4dYMafpnYthgg=",
      "accountSignature": "/+UmGqRH5mtiCL3TE75mktrwLfqMmcKOCJ0DD+WfA+Un5Ro/ge2gwaNCmYkSEiA5d95EdvS6ZKBqonXDev2ZAQ==",
      "deviceSignature": "cWlEQy0++bbBBpZeTNvaW9ko4OLVE0j9pHcqLML3FiKT6Q6V/lfO49CIFeqYcMTLAW0PykA0sfbELGn0kguRDw=="
    },
    "me": {
      "id": "6285700532249:1@s.whatsapp.net",
      "name": "Apa Lu Liat Liat"
    },
    "signalIdentities": [
      {
        "identifier": {
          "name": "6285700532249:1@s.whatsapp.net",
          "deviceId": 0
        },
        "identifierKey": {
          "type": "Buffer",
          "data": "BchWZvQLcalBcoPLS0Ou8PRFELIUnIauHWDGn6Z2LYYI"
        }
      }
    ],
    "platform": "smba",
    "lastAccountSyncTimestamp": 1662471465,
    "myAppStateKeyId": "AAAAAF7l"
  },
  "keys": {
    "preKeys": {
      "1": null,
      "2": null,
      "3": {
        "private": {
          "type": "Buffer",
          "data": "+PGg7TzKG2utiOHgsj6gdeuOFnENMa3B2aCzkcfbuWo="
        },
        "public": {
          "type": "Buffer",
          "data": "eCI5LurhzBfIjA3QMN9ru87jHgtxjqA1wvOFLSmrogI="
        }
      },
      "4": {
        "private": {
          "type": "Buffer",
          "data": "oNsfTViqAE0pNPF3SJrQZ4Yzo0Tjd4ZHPHtWOGNOVm8="
        },
        "public": {
          "type": "Buffer",
          "data": "D9IZsELYIUiUVRqJPBwhLgXb8c7UTXDXFLnRHgGJCU0="
        }
      },
      "5": null,
      "6": {
        "private": {
          "type": "Buffer",
          "data": "uJ3CAWXD9R+Q0nZlgqjjIfyvPJ7IrTx03GC9br65YVM="
        },
        "public": {
          "type": "Buffer",
          "data": "Gc+ObWa6BiOMwsVp0K12s5utT29QI0ZS56GfK3VONyQ="
        }
      },
      "7": null,
      "8": {
        "private": {
          "type": "Buffer",
          "data": "yC6/RUxrpUAEKbGCdswRjwl6g1cCygpyPUyLhGNpAXU="
        },
        "public": {
          "type": "Buffer",
          "data": "sDHW1V545znkqBqu882uHlBSPhw/bs3N9sJYS4mHN28="
        }
      },
      "9": {
        "private": {
          "type": "Buffer",
          "data": "EPsq7qU0DBUi6nElKxq940p8sH8N+OjtOb+7DPw0bHw="
        },
        "public": {
          "type": "Buffer",
          "data": "ThbZZS7aIT+cBraj7KfJizXTPqbK0gCzSnU6BVaiCF0="
        }
      },
      "10": null,
      "11": {
        "private": {
          "type": "Buffer",
          "data": "aJINMy5a440a9UVVurAZ0oURWnOA3pTIYB8Xir3FCFs="
        },
        "public": {
          "type": "Buffer",
          "data": "99TEEMh6IQWxZHjjc0J2YjTdh2++KigygThstb2qhzg="
        }
      },
      "12": null,
      "13": {
        "private": {
          "type": "Buffer",
          "data": "0AbpHILsAx6ToZar+vKC0m2df2aXNkUelCanI38a3VA="
        },
        "public": {
          "type": "Buffer",
          "data": "XxWISqc/4yKQas6fLY79pgSXz7w36LeZhVXtXev2mAM="
        }
      },
      "14": {
        "private": {
          "type": "Buffer",
          "data": "GI+392wiHybsDPLT1Zv/FO6w7EzULKVqOUjDfxqvJ14="
        },
        "public": {
          "type": "Buffer",
          "data": "ytAw/HX03SBpCT2/CswtTCeTXpB1sbsWSwGSve58xnc="
        }
      },
      "15": {
        "private": {
          "type": "Buffer",
          "data": "yA9Rc6AOy/Vd2ina/g2RagzhDRKwtAdH8utvXM3A1ls="
        },
        "public": {
          "type": "Buffer",
          "data": "BrxBU6qL0iZXahAaM7UAZqwrVf8iGCamUAcweU+mPE4="
        }
      },
      "16": null,
      "17": {
        "private": {
          "type": "Buffer",
          "data": "OMngwVc3fVGizmdhVbbgpYawHyBUSixnsegTlfdLVm4="
        },
        "public": {
          "type": "Buffer",
          "data": "qsJq0SKMlIc7VbhtlCPd3OgpFsHMpHfX+5HehVhKFnI="
        }
      },
      "18": {
        "private": {
          "type": "Buffer",
          "data": "wKOZBe80BcCO4oICFcAGLk5e7Oz/9KL+nxhs+HA3l3Q="
        },
        "public": {
          "type": "Buffer",
          "data": "DqQwycLqLQNN3UZ/E6QV15HMRgCyG1u5+0zaQ9eA5wI="
        }
      },
      "19": {
        "private": {
          "type": "Buffer",
          "data": "aK8yt7vJ7rnjFHj4vViMZ+wZ5B/pEDmobxddy63T8GY="
        },
        "public": {
          "type": "Buffer",
          "data": "OdalVP2GVy2KNMprRng9FONXokFXzAgND9s/XAWc5Xc="
        }
      },
      "20": {
        "private": {
          "type": "Buffer",
          "data": "WC8a8rn9Oyi+R45pZLtyiTYapgxLcSCjwV8ZBtkPxX4="
        },
        "public": {
          "type": "Buffer",
          "data": "c1Pys0jzoSUv2bmCFC7OfzO8Ea7rUOzsIxuFuappjmQ="
        }
      },
      "21": {
        "private": {
          "type": "Buffer",
          "data": "gGwEJe9DC4Ba16nt5UB+aHEmuc2/SdQ4KNnmA9+TXGA="
        },
        "public": {
          "type": "Buffer",
          "data": "csPd/nD8LQtd22OxFMm+i1TTaMow250bIXp+BvAKXWg="
        }
      },
      "22": {
        "private": {
          "type": "Buffer",
          "data": "eE0BbLOglEoz7MoZ7qN5f50EES9Zbo+19NZSCPE2QFc="
        },
        "public": {
          "type": "Buffer",
          "data": "1vDPuGY3Yh4u9bYCMlSMsg0+ctwtY02MfrVDEHp3xGc="
        }
      },
      "23": null,
      "24": {
        "private": {
          "type": "Buffer",
          "data": "8INWcZtm4l/QOzNL3/3CszZ4Yanl38fuLWNIJ8Y0dHo="
        },
        "public": {
          "type": "Buffer",
          "data": "6KIapUhBXF+ia1aHJ5XU/6hnT97kNTlW5K6A53XfNUQ="
        }
      },
      "25": {
        "private": {
          "type": "Buffer",
          "data": "iNeFvTLT2vUjxYKTegL40M0MfQumujEBUFOU02I4NEw="
        },
        "public": {
          "type": "Buffer",
          "data": "9lpLJ8kzQiLyrsQnTeycKGqVhdS8iRRJpHt3XHYJuTU="
        }
      },
      "26": {
        "private": {
          "type": "Buffer",
          "data": "0Gi834FZkP4FBYpHaZ3onW/WLgDAOPvyFC/N6oZ3tGE="
        },
        "public": {
          "type": "Buffer",
          "data": "sr4LiDzlXWTPWSZuLyhTeG1w8ZjKCZojjyvjwEYO/mY="
        }
      },
      "27": {
        "private": {
          "type": "Buffer",
          "data": "yEhjuJq5unTOZ4izf/F1i9y3aKCd2CNshXWHZvupp0Q="
        },
        "public": {
          "type": "Buffer",
          "data": "lO9eMlXKH88RjJ55NTTHsSOpEy+mWJbKjnSs1Yo2eTU="
        }
      },
      "28": {
        "private": {
          "type": "Buffer",
          "data": "AOZZKeqifxIYwsXQuczPnRKD6MMdDYTjI4EW0GBc22Y="
        },
        "public": {
          "type": "Buffer",
          "data": "6WDjzETGUuki9rTxnP38iqZq+0pIrnhRH/a9QWHMIEQ="
        }
      },
      "29": null,
      "30": {
        "private": {
          "type": "Buffer",
          "data": "gPEiFOVkSIVlz71S1R1NYxgjxOLEfF/mbOiCU8p2lUg="
        },
        "public": {
          "type": "Buffer",
          "data": "7KDEeI+DuV90VjrLTnR3aTtizylHauYAVo+6Kpmn/nE="
        }
      }
    },
    "sessions": {
      "6285700532249.0": {
        "_sessions": {
          "BY1ayUVe+DhsCWYh6SfjjftP2iy1AXxRKDDTzkZRX3IL": {
            "registrationId": 211806390,
            "currentRatchet": {
              "ephemeralKeyPair": {
                "pubKey": "Bb8GRqGKLpKK9BdrfpkOtv36JDELEt/mO7sy2MqhGnZ9",
                "privKey": "wJXbWfVmyRT8e/fgs0Yoy8XRe/deZNu1UODIljT130U="
              },
              "lastRemoteEphemeralKey": "BdLyubHK7/8jviiU81r4fT+E6Qpt3ZkPiExwTumuR6lp",
              "previousCounter": 0,
              "rootKey": "7JPDo7MzbXuilO9lh+vMFs8NumSPHRD2y9uFkR96mKI="
            },
            "indexInfo": {
              "baseKey": "BY1ayUVe+DhsCWYh6SfjjftP2iy1AXxRKDDTzkZRX3IL",
              "baseKeyType": 2,
              "closed": -1,
              "used": 1662471336864,
              "created": 1662471336864,
              "remoteIdentityKey": "BchWZvQLcalBcoPLS0Ou8PRFELIUnIauHWDGn6Z2LYYI"
            },
            "_chains": {
              "BdLyubHK7/8jviiU81r4fT+E6Qpt3ZkPiExwTumuR6lp": {
                "chainKey": {
                  "counter": 7,
                  "key": "SVzj5pqrMlL/4ZgM7nH1s02bTvvGLpKIjkzw/1EKb0g="
                },
                "chainType": 2,
                "messageKeys": {}
              },
              "Bb8GRqGKLpKK9BdrfpkOtv36JDELEt/mO7sy2MqhGnZ9": {
                "chainKey": {
                  "counter": 26,
                  "key": "Sooc0tWgqu85qxjhrp64dXJbTqL2IfCa6jjZ3LaCHis="
                },
                "chainType": 1,
                "messageKeys": {}
              }
            }
          }
        },
        "version": "v1"
      },
      "6283119591196.0": {
        "_sessions": {
          "BWyki8jRgN+/EOH1iV/aAXNPRRC3ykwFdCs3HSwOwK47": {
            "registrationId": 1472534553,
            "currentRatchet": {
              "ephemeralKeyPair": {
                "pubKey": "Bbvz2tKTTG5DBduDDUCYE951i9w147EYeaDVmurESftx",
                "privKey": "6AwUaI7c12vEz4NUOlz/XatKbBWGqGoXltzLMWprkFg="
              },
              "lastRemoteEphemeralKey": "BfOhO0JE0vLzks2coByQGV2732TlxpIGSesZUFf11gBJ",
              "previousCounter": 1,
              "rootKey": "LvialAnzRFjOIJw87tsuWkR2rSaCM+hm+2itvy8vtxY="
            },
            "indexInfo": {
              "baseKey": "BWyki8jRgN+/EOH1iV/aAXNPRRC3ykwFdCs3HSwOwK47",
              "baseKeyType": 2,
              "closed": -1,
              "used": 1662520919197,
              "created": 1662471354665,
              "remoteIdentityKey": "BcarpcsKO9QuL5yUNgXtJVJkn+yyiokTr9cXsvNhzVJa"
            },
            "_chains": {
              "Be5Qk4Ej8dag8hRGtjCae4w0v0gSb0nPY5e22CbPrE4X": {
                "chainKey": {
                  "counter": 0
                },
                "chainType": 2,
                "messageKeys": {}
              },
              "BVlycDGAfquJVfkyupO/wuLwjdGKvHO5Co6beJx/JW8i": {
                "chainKey": {
                  "counter": 0
                },
                "chainType": 2,
                "messageKeys": {}
              },
              "BduBdhtcpGaepwf4Mzj95+JCUlAG7zzREjQwegBMqGdG": {
                "chainKey": {
                  "counter": 0
                },
                "chainType": 2,
                "messageKeys": {}
              },
              "BWhJEy0SA6gJz4an/nAEJzkj8JZMoJrySv2/C3bpsGVC": {
                "chainKey": {
                  "counter": 0
                },
                "chainType": 2,
                "messageKeys": {}
              },
              "Bao5DLjcR6xxBTwKXutSUDmZXq0BoGEX7NKdghtMgcJ3": {
                "chainKey": {
                  "counter": 0
                },
                "chainType": 2,
                "messageKeys": {}
              },
              "BchyZ173bh4lHymkLm1AvRwy07gd/OAAM1H7iTRyl9Ul": {
                "chainKey": {
                  "counter": 0
                },
                "chainType": 2,
                "messageKeys": {}
              },
              "BU8briwO3gzmruUkFBWJnjS5JFvnzAP+lViWtjHaaGpo": {
                "chainKey": {
                  "counter": 0
                },
                "chainType": 2,
                "messageKeys": {}
              },
              "BS40Ws+bto4d1/xrPdm7MlBMWW707xVSocOe8DHjBNkm": {
                "chainKey": {
                  "counter": 0
                },
                "chainType": 2,
                "messageKeys": {}
              },
              "BaYyMNIgT5jnsGdLKEQ0Exg5QoS4wnCTm1w1oj/CnX8H": {
                "chainKey": {
                  "counter": 0
                },
                "chainType": 2,
                "messageKeys": {}
              },
              "Bd4E2ri1sbkVwNQa5cQVkRpGLQLDPiiKzFZixIZUbkYb": {
                "chainKey": {
                  "counter": 1
                },
                "chainType": 2,
                "messageKeys": {}
              },
              "BUEceQ1ewMmiQFTEMXhD1YYNhzrw2kxmUFdPfdZRzq0K": {
                "chainKey": {
                  "counter": 0
                },
                "chainType": 2,
                "messageKeys": {}
              },
              "Bd6UczIwKJQHQ1dU9eds7Nm/K0EXI9LUyoIHaO6mvAoZ": {
                "chainKey": {
                  "counter": 0
                },
                "chainType": 2,
                "messageKeys": {}
              },
              "BfyvxeNopH1F+KPaXGlmSSDh1wC/aq//tUbWP5FMBiEf": {
                "chainKey": {
                  "counter": 4
                },
                "chainType": 2,
                "messageKeys": {}
              },
              "BRwTNbKERo/J6zscDqiaV6lmUt3QHJNn9x3m7q23xHhW": {
                "chainKey": {
                  "counter": 1
                },
                "chainType": 2,
                "messageKeys": {}
              },
              "BVAfV6qDIgBatEUSHB7o0cPBV1Nq//Jz+Gkyq/hgNwl8": {
                "chainKey": {
                  "counter": 5
                },
                "chainType": 2,
                "messageKeys": {}
              },
              "BfOhO0JE0vLzks2coByQGV2732TlxpIGSesZUFf11gBJ": {
                "chainKey": {
                  "counter": 1,
                  "key": "3TtcX7ZVAcGXJBnj+Jv3lgTzlCLDyrvj5VNk/YbhpY8="
                },
                "chainType": 2,
                "messageKeys": {}
              },
              "Bbvz2tKTTG5DBduDDUCYE951i9w147EYeaDVmurESftx": {
                "chainKey": {
                  "counter": 1,
                  "key": "LgTn/1VSTU13kJTQtJ87Q13uxgG9B3JZsHvbarcGghU="
                },
                "chainType": 1,
                "messageKeys": {}
              }
            }
          }
        },
        "version": "v1"
      },
      "6281272481030.0": {
        "_sessions": {
          "BSst+ZM6j75x+9GszPeYnIMf7PzNkx8xcuK1PiInwtVK": {
            "registrationId": 1635290009,
            "currentRatchet": {
              "ephemeralKeyPair": {
                "pubKey": "BY/3PaQuwcUca+8UGHbDqISsMgpetaAenpJMIm+ej+8b",
                "privKey": "aLBlPX3NQ3am+Eu4cCnlUT4PxKJja/Uk3nbVlTzpV1U="
              },
              "lastRemoteEphemeralKey": "BdfFnEH7DMe4BgkYwawaGE+SubvMa0xh0QDG4VMUoS5K",
              "previousCounter": 0,
              "rootKey": "8+LHFBjH4wZvdxs8su97G5gbLxRj9ZpKrgbcet3Sb0g="
            },
            "indexInfo": {
              "baseKey": "BSst+ZM6j75x+9GszPeYnIMf7PzNkx8xcuK1PiInwtVK",
              "baseKeyType": 2,
              "closed": -1,
              "used": 1662507134361,
              "created": 1662507134361,
              "remoteIdentityKey": "Bba4+J4yXSOmyHifBHKY77xl0eUqOc4bWr1cMNb/yclb"
            },
            "_chains": {
              "BdfFnEH7DMe4BgkYwawaGE+SubvMa0xh0QDG4VMUoS5K": {
                "chainKey": {
                  "counter": 0,
                  "key": "e+C5ELdjNtT4kfKHZjpGerAGTNUmUrBteN+mJnXpuG8="
                },
                "chainType": 2,
                "messageKeys": {}
              },
              "BY/3PaQuwcUca+8UGHbDqISsMgpetaAenpJMIm+ej+8b": {
                "chainKey": {
                  "counter": -1,
                  "key": "7igZVf4rzWciOuUClGvtgvXlW3dcrr+J+mUBKxOAqcs="
                },
                "chainType": 1,
                "messageKeys": {}
              }
            }
          }
        },
        "version": "v1"
      },
      "6282323257991.0": {
        "_sessions": {
          "BVRWX9i1Fc/AJ+snmwtpjpMaYsvNb1+ZmoYDlCH1Icsn": {
            "registrationId": 277287327,
            "currentRatchet": {
              "ephemeralKeyPair": {
                "pubKey": "BRyN4U2Jv0c497WVtCAbXcxCC1lfS5cZoc2cKVyFGYJ7",
                "privKey": "8KXh1F6Wri2z78VLNNI2mQYiGPdBy/6f3EVIbDozA2Y="
              },
              "lastRemoteEphemeralKey": "BY1iQJdceHizgZGYf5sZrGE+cmprcoiBqElBxlgV44Al",
              "previousCounter": 0,
              "rootKey": "uA4I2rfwWPmugkQkbgYOtSRqahQs1cMZGlcVyfKIBKs="
            },
            "indexInfo": {
              "baseKey": "BVRWX9i1Fc/AJ+snmwtpjpMaYsvNb1+ZmoYDlCH1Icsn",
              "baseKeyType": 2,
              "closed": -1,
              "used": 1662507306950,
              "created": 1662507306950,
              "remoteIdentityKey": "BekHg6Fsg81ROns8f961mbjUhU6NXd/SgIA+OjS+pYEy"
            },
            "_chains": {
              "BY1iQJdceHizgZGYf5sZrGE+cmprcoiBqElBxlgV44Al": {
                "chainKey": {
                  "counter": 0,
                  "key": "XtQypGTDehdp0O8qpoCQr8zLnuB8vabojkSoUSYi3ZE="
                },
                "chainType": 2,
                "messageKeys": {}
              },
              "BRyN4U2Jv0c497WVtCAbXcxCC1lfS5cZoc2cKVyFGYJ7": {
                "chainKey": {
                  "counter": -1,
                  "key": "22nuXqLtqlR5synY2Qnoam9T3rITlTOh99KdzyVzGUw="
                },
                "chainType": 1,
                "messageKeys": {}
              }
            }
          }
        },
        "version": "v1"
      },
      "6288221534607.0": {
        "_sessions": {
          "BbzN2bFU2ivYGvbrKHMmoA9/lg4i+eAvFNimH7XhGoFC": {
            "registrationId": 620789298,
            "currentRatchet": {
              "ephemeralKeyPair": {
                "pubKey": "Baj66uAWUpayMminaZY8/TSLXVKcbNf03xeVtliuztcg",
                "privKey": "kJ7oUT2kp2XkWHD7LxVTYiBGnQIt0oU/5hgOOp4pn1g="
              },
              "lastRemoteEphemeralKey": "BXImwpejMIKZEyMDbFGRym9Is3KhSyW6ctg/9UGVcMlo",
              "previousCounter": 0,
              "rootKey": "trwARmwus9V7S13N7X5fPB0KA5TCwoiotpr00iejTPk="
            },
            "indexInfo": {
              "baseKey": "BbzN2bFU2ivYGvbrKHMmoA9/lg4i+eAvFNimH7XhGoFC",
              "baseKeyType": 2,
              "closed": -1,
              "used": 1662520344599,
              "created": 1662520344599,
              "remoteIdentityKey": "BXAoAZHxVa3OXSTl7f6LiDRVVqHmKHdgkZLNiB/9kf4d"
            },
            "_chains": {
              "BXImwpejMIKZEyMDbFGRym9Is3KhSyW6ctg/9UGVcMlo": {
                "chainKey": {
                  "counter": 0,
                  "key": "cA//euowbJgkb473tl+DJLhdpU68jRL9UPZQIaTB26c="
                },
                "chainType": 2,
                "messageKeys": {}
              },
              "Baj66uAWUpayMminaZY8/TSLXVKcbNf03xeVtliuztcg": {
                "chainKey": {
                  "counter": -1,
                  "key": "scpSWl5KA3/KT2jnftVfhf3RYLCqAB7Dy6UiDcouSUk="
                },
                "chainType": 1,
                "messageKeys": {}
              }
            }
          }
        },
        "version": "v1"
      },
      "6281262183156.0": {
        "_sessions": {
          "Bbvks1NUuYeNMRh3A/85v9qGc2oGvnPONNIW7p2FK8oP": {
            "registrationId": 1354883447,
            "currentRatchet": {
              "ephemeralKeyPair": {
                "pubKey": "BRRCLecnTdCNlQfv6J0+CCIuo+Rxtesga3dnP6BC/pUt",
                "privKey": "oPSDJBRV/aWJj5fApusw/v671ucjMSxczqXPfM+zQV0="
              },
              "lastRemoteEphemeralKey": "BdVyN0VGLvWVriVQrkji599lYV3AY7PYK2y1HYPjFD9Q",
              "previousCounter": 0,
              "rootKey": "RvygAzlG4vVceoVbX7aTzuTwnur6AUxT+rVFK1hYXCw="
            },
            "indexInfo": {
              "baseKey": "Bbvks1NUuYeNMRh3A/85v9qGc2oGvnPONNIW7p2FK8oP",
              "baseKeyType": 2,
              "closed": -1,
              "used": 1662520344630,
              "created": 1662520344630,
              "remoteIdentityKey": "BSVE031sqZ4jg1I6JPqQLe1NJHGcGjuandGSu2sg9uNG"
            },
            "_chains": {
              "BdVyN0VGLvWVriVQrkji599lYV3AY7PYK2y1HYPjFD9Q": {
                "chainKey": {
                  "counter": 2,
                  "key": "QfhP8pMnKhnI3Q67o2JdZsJG4GKZUIDn8Tbj/D4LvWg="
                },
                "chainType": 2,
                "messageKeys": {}
              },
              "BRRCLecnTdCNlQfv6J0+CCIuo+Rxtesga3dnP6BC/pUt": {
                "chainKey": {
                  "counter": -1,
                  "key": "zeBLPZF7RscFjEoElU3gvQiPqiPkYvjKIBvPyCvjHTo="
                },
                "chainType": 1,
                "messageKeys": {}
              }
            }
          }
        },
        "version": "v1"
      },
      "6287826762445.0": {
        "_sessions": {
          "BQW4PirrUINeUS9IM1z97CujzSeolB0SW6sfaAUCTIUV": {
            "registrationId": 2100782362,
            "currentRatchet": {
              "ephemeralKeyPair": {
                "pubKey": "BfmtVrhrEVQaK8MYI9ponV89TkkaI71ycdpryovDvEpC",
                "privKey": "eNhELtB+XklE50Btfescto0lURl6ME9rQ+HSWGUdfVk="
              },
              "lastRemoteEphemeralKey": "BYTjB43FnEVRgBPY9tIoktGJPKPWqN9l7x7vsCgF6wsD",
              "previousCounter": 0,
              "rootKey": "2V/1QtDQhu/UipxB+IIoBmlHv14ryt3LHCH+wbzJzmE="
            },
            "indexInfo": {
              "baseKey": "BQW4PirrUINeUS9IM1z97CujzSeolB0SW6sfaAUCTIUV",
              "baseKeyType": 2,
              "closed": -1,
              "used": 1662525130714,
              "created": 1662525130714,
              "remoteIdentityKey": "Bb69Oc6k29DeI6nBTzSiOnf8Uef3oQsvVJlRM3rD50Js"
            },
            "_chains": {
              "BYTjB43FnEVRgBPY9tIoktGJPKPWqN9l7x7vsCgF6wsD": {
                "chainKey": {
                  "counter": 0,
                  "key": "zMFqm6e/CKQ0cDQUi8yONf28PXHNC8LWVzG4Lq5a8cg="
                },
                "chainType": 2,
                "messageKeys": {}
              },
              "BfmtVrhrEVQaK8MYI9ponV89TkkaI71ycdpryovDvEpC": {
                "chainKey": {
                  "counter": -1,
                  "key": "Z1cbhStKbYj7ckVDGnL9oxVhQQP2+VaBf80mEJOQzdQ="
                },
                "chainType": 1,
                "messageKeys": {}
              }
            }
          }
        },
        "version": "v1"
      },
      "6281255590176.0": {
        "_sessions": {
          "Bai7BdXMrTRHBMu5HiGSXIX0SP2rr/+ONg2OVqPZzMkR": {
            "registrationId": 829580929,
            "currentRatchet": {
              "ephemeralKeyPair": {
                "pubKey": "BVAHIDAfWwlMQzn6I7P3rgfuMiJdT3F1A2wSo7b2Nedt",
                "privKey": "YFpLCPLuaQv/ukHU+EuzWPlxWcUUqVdLFURYOrJPGEI="
              },
              "lastRemoteEphemeralKey": "BV0FL8KVPllPxN1pdYtMU3foUtry9cknyldNJ4VP5Lwc",
              "previousCounter": 0,
              "rootKey": "CcofcDd33y4FuACsCOXN8I7sOfcFBAoKe7nDmvFzRgA="
            },
            "indexInfo": {
              "baseKey": "Bai7BdXMrTRHBMu5HiGSXIX0SP2rr/+ONg2OVqPZzMkR",
              "baseKeyType": 2,
              "closed": -1,
              "used": 1662525130746,
              "created": 1662525130746,
              "remoteIdentityKey": "BWEsyglm5UBtnZt/9AvtWqcnOcjY3GZWB7NH9bSyu+UL"
            },
            "_chains": {
              "BV0FL8KVPllPxN1pdYtMU3foUtry9cknyldNJ4VP5Lwc": {
                "chainKey": {
                  "counter": 1,
                  "key": "/Yif5oklE6g+LWROk0PvgDkK4XrNXuhXESiI99llbpg="
                },
                "chainType": 2,
                "messageKeys": {
                  "0": "dHVJl1OL/m6+LsTNx/xIokwhRpgCp2S6/RFtMRB8q9w="
                }
              },
              "BVAHIDAfWwlMQzn6I7P3rgfuMiJdT3F1A2wSo7b2Nedt": {
                "chainKey": {
                  "counter": -1,
                  "key": "aCU1feO3ZHGZj4C57QV8+BqJ1aevLsIOqPdYXbUgFRc="
                },
                "chainType": 1,
                "messageKeys": {}
              }
            }
          }
        },
        "version": "v1"
      },
      "6288225158165.0": {
        "_sessions": {
          "BZMXvAe327X3z/shGPOMVuSNvA4Dge9WyercXvsra4tf": {
            "registrationId": 362879407,
            "currentRatchet": {
              "ephemeralKeyPair": {
                "pubKey": "BYMZqeHrs9BIQeTmysEf3tEH7p1HftRHpa7maZblUpUh",
                "privKey": "cO5qVUrb6Y1vjb7Zpuu6gFQeJ0X2CqSRX/zlgvP83mY="
              },
              "lastRemoteEphemeralKey": "BYlZYUei6yyt9P/b63ZtZ3TbndYkUQujcu4PKHUP8iU5",
              "previousCounter": 0,
              "rootKey": "njXvhfP3Hgey3zD2oh+gV5SZviwTJCJDkVT19/yFtbQ="
            },
            "indexInfo": {
              "baseKey": "BZMXvAe327X3z/shGPOMVuSNvA4Dge9WyercXvsra4tf",
              "baseKeyType": 2,
              "closed": -1,
              "used": 1662525276495,
              "created": 1662525276495,
              "remoteIdentityKey": "BaBtKFzFrYNHHiSLkEWYMIpsWjLH9jLdTtnPR0g01/Bh"
            },
            "_chains": {
              "BYlZYUei6yyt9P/b63ZtZ3TbndYkUQujcu4PKHUP8iU5": {
                "chainKey": {
                  "counter": 0,
                  "key": "kDgcFViLIHxYEk1O6txYV8nEi0DFJNMI05Y70tQZ0n4="
                },
                "chainType": 2,
                "messageKeys": {}
              },
              "BYMZqeHrs9BIQeTmysEf3tEH7p1HftRHpa7maZblUpUh": {
                "chainKey": {
                  "counter": -1,
                  "key": "RlgNZJSeqKGUQyXphCn32YcJdOldaFBgSzURVoVOxpo="
                },
                "chainType": 1,
                "messageKeys": {}
              }
            }
          }
        },
        "version": "v1"
      },
      "6285712056061.0": {
        "_sessions": {
          "BUjFaqcld38gSSY/szOFMJeT8dtjVHnGLjIZ2qvm311u": {
            "registrationId": 132254374,
            "currentRatchet": {
              "ephemeralKeyPair": {
                "pubKey": "Ba+y5r8KNFSenGqnqzYoI4F8Kms854aoZZYN9ndCNzUf",
                "privKey": "4NSfTh6PpCnhPJlmJGRuUHLfOKDsFRUT7CyXoYyXsVQ="
              },
              "lastRemoteEphemeralKey": "BRcimLQnaaJGFF+U28uxevqhqMYuxGP5Rx17DMqg4jof",
              "previousCounter": 0,
              "rootKey": "toVir3pMyt5tAHS2BASKf03AfbXogLjbJyALuBzIovw="
            },
            "indexInfo": {
              "baseKey": "BUjFaqcld38gSSY/szOFMJeT8dtjVHnGLjIZ2qvm311u",
              "baseKeyType": 2,
              "closed": -1,
              "used": 1662525276511,
              "created": 1662525276511,
              "remoteIdentityKey": "BXNFq15eodgZjziuErwr5GL1jHAiHjYEZ2jGi+NF/bZ8"
            },
            "_chains": {
              "BRcimLQnaaJGFF+U28uxevqhqMYuxGP5Rx17DMqg4jof": {
                "chainKey": {
                  "counter": 0,
                  "key": "eKVY70CrBbWCWXiVMvo5D5FaC7N+HcSix3Xb6RprE38="
                },
                "chainType": 2,
                "messageKeys": {}
              },
              "Ba+y5r8KNFSenGqnqzYoI4F8Kms854aoZZYN9ndCNzUf": {
                "chainKey": {
                  "counter": -1,
                  "key": "kme31/nILydqWW2xHrAwI4QB/8A9EatSLF+SmCEDy14="
                },
                "chainType": 1,
                "messageKeys": {}
              }
            }
          }
        },
        "version": "v1"
      }
    },
    "appStateSyncKeys": {
      "AAAAAF7l": {
        "keyData": "LYiK1B5GevX8zJBqaghDYVb1gTwnXAn/z+0hCQdkOo4=",
        "fingerprint": {
          "rawId": 1630630218,
          "currentIndex": 1,
          "deviceIndexes": [
            0,
            1
          ]
        },
        "timestamp": "1662471337596"
      }
    },
    "appStateVersions": {
      "critical_block": {
        "version": 1,
        "hash": {
          "type": "Buffer",
          "data": "mH52ney1c/GXfw3HbJCV5Oj7K1WhMEWvQixF66diwQKdDd6uiV9dKcmkGm/JpHufqRAbcYWWZ1Gjud7pshKvLHgMm03BlpF3h10BWwNdqgAIdZ3iXZvoFaS0eUFvrm2U0KZ98QArqxf7V90AxfiSSoFl3VKfv9Z44NtdW1S3xPA="
        },
        "indexValueMap": {
          "TQv/k800PrfQC/VorYRJ0KgIrVQ7XWsEYUk6EjTPMp8=": {
            "valueMac": {
              "type": "Buffer",
              "data": "3v4ifENB0V/qw96VbbBvIYNlfnKa7h+TKx+yWk+gNC8="
            }
          },
          "6oP3Vk5uN+D/6kZgg71+DFQ4x8giZLjQWE0CNOb9k58=": {
            "valueMac": {
              "type": "Buffer",
              "data": "QUC1x3ZYOuaTwwjn/sdQrNldyA2wbPjAQCmEVyAIAv0="
            }
          }
        }
      },
      "regular": {
        "version": 1,
        "hash": {
          "type": "Buffer",
          "data": "Nw7FinStxou1L8/BZ692ftuouqmZzDzIKZ7zGT0hGqDGRhJAz2IIPWTHHYbRjyePClQ4fRXhCXb1pQhdiIETH0iF0UA8Mc9WclS3f5voyDAHLrcwuKcOjn8PDPkIG5qRQw2DLkiHY6BYe89NPQ1i/wxzvzbmgcxDl24+h+qcvEY="
        },
        "indexValueMap": {
          "K2oo3fiXxlv1qnqTBBiZ8LVf9THm4JRj7qFrdRc2g30=": {
            "valueMac": {
              "type": "Buffer",
              "data": "i1zIr/UIBd0gTsHVir8RGUKtAAo4RdP2RTwApwDLp3Q="
            }
          },
          "fJNqHZTZMgX6lSdGmXS7ZkvKo0p5OhGPTyPNHLUdiaE=": {
            "valueMac": {
              "type": "Buffer",
              "data": "OCv6YhfD62ra8YWqswmhp0hLgR0AT/Cd8EYyXzbGr08="
            }
          },
          "nmmwaSsLPp4ozSOyxBJ6Iv8eLdx9LLDL/6sL2pKRg0E=": {
            "valueMac": {
              "type": "Buffer",
              "data": "GeJlCjY9GDvBqxRg/eUVWESAYwwGdJJRNBGwCaLn4Dw="
            }
          },
          "ACciXIq/fA79nV9B10ol1aIMc81zMyBmY4jpH5ckO6Y=": {
            "valueMac": {
              "type": "Buffer",
              "data": "mYi0/36i5Z2GtBNM0NjxZHeQJJS2UpfW1kscvCjlGw4="
            }
          },
          "JA+MfmMOcAwiLxe4PwARI72LGEfhBBWLvTkP48tCVtA=": {
            "valueMac": {
              "type": "Buffer",
              "data": "AW+gbYAwtNgE7uMqiWr1HO6MmS5FD1rBQd7H9rRnP9I="
            }
          },
          "bimwGNCm1MDQQMpoqQ28h0eskNV/WQpfP8+nrH1lS4Y=": {
            "valueMac": {
              "type": "Buffer",
              "data": "OxujqPHSsdSk877Nn/m4c2AjtT4J8+VfH02y8yjRvms="
            }
          },
          "FTX+Um8hVewgT9BXqBRLUiwhVcg00kFJeC8xklSATGI=": {
            "valueMac": {
              "type": "Buffer",
              "data": "tIJTR/IQm92fkBYAouWePZcnbJ1DRcMs/mRazN2C8gQ="
            }
          }
        }
      },
      "critical_unblock_low": {
        "version": 1,
        "hash": {
          "type": "Buffer",
          "data": "BVX4Wud1EbnC4RiyjGGNQNKtFaXaP6XBy/P8+zHDBUT4ZMiGwcbpR9TXtcztVT1IzuVm/4CfOwB5W42Q9IOHofhB5gN2sWs4bgDcU/MsqDPCEWevmDjNZDK3NdU9k38ZBA6RlzzI3Xu3P4da/eYXutUPGYODdy2KZ0sYfPz2SAE="
        },
        "indexValueMap": {
          "LPD4LMubv4/WmGOR2AzA+7Cfxu69mZ+SvqWPqmrJcGs=": {
            "valueMac": {
              "type": "Buffer",
              "data": "7h9qVigKi1+H0IKPPtbBMnChFTVNHVZE1UY1AFGUm4w="
            }
          },
          "qFvt4uT1kjkCkppgwovihTDG/x84OF1of7W8tWrvA3Y=": {
            "valueMac": {
              "type": "Buffer",
              "data": "TPNGYHeDU0W5Rp+VNyO4fr0QkY9Oq5GBo+5FSdwh4fE="
            }
          },
          "pBV1doYDKInJgO/7xWws5llIba9HARBd5+9ufuYgfes=": {
            "valueMac": {
              "type": "Buffer",
              "data": "XhO+0vECPGFokshptZtMsaEcT1a3c5RCPYdMH8IM9s4="
            }
          },
          "B4+xkYj58FkhijSJpQtPWRrEMnl22m6nO9SQR1qzla8=": {
            "valueMac": {
              "type": "Buffer",
              "data": "r13Plj4KdGw+p0dYtyQNsqACB6ZUNIlcOIBNGEtumRU="
            }
          },
          "En1KmsncOHcrCjw6truwvDzTQNZi+vCVzge+DhSB9mQ=": {
            "valueMac": {
              "type": "Buffer",
              "data": "GEjKy+FhQMKxe280CnGDEO2GWaT/NI83OzQGJNSH73Y="
            }
          },
          "1pbSJUCjrMLSywUEpPY42za0WaGEoKriAfhv6SLcx6U=": {
            "valueMac": {
              "type": "Buffer",
              "data": "PPMnAd0N5ppd2tgxQAGJJ0jwUb2q+Bg6QEy1+55P7+g="
            }
          },
          "YeGlUih/GZEAHYh+ETBFotpgna0447bQsgRuQ7B5wrU=": {
            "valueMac": {
              "type": "Buffer",
              "data": "d7utrzWduuKSLw6gVhKOS8cp7YvN6rC6+C/K1qGw+Qg="
            }
          },
          "V3XmYwK5Qg3mFz3795uEGA7tcCcIHfMuLYtJ1lDcfBc=": {
            "valueMac": {
              "type": "Buffer",
              "data": "bKp7+1JzjC2FOzusVvk+c4XlIQf8IWCppTvimURnjto="
            }
          },
          "ISpeOuK557rq636HBOu7AwqnRWfuT4ZXrZOqAiDOVbM=": {
            "valueMac": {
              "type": "Buffer",
              "data": "4qRJkRioVz5L8VYxBg7BQRHIYBr3l0ftLvvyb7xDt44="
            }
          },
          "bL8fxuxvBuXON3eTYJq+gZhJowvj5VgTH1MYLQATzzc=": {
            "valueMac": {
              "type": "Buffer",
              "data": "B2U0OsAGb2YmY0wrls+lL+Zso2iOG3Hzc/+puvRFSY0="
            }
          },
          "TcG1kSxPHuFFlwue8/XkYPzvLDBooZd3Nz34JelpEqY=": {
            "valueMac": {
              "type": "Buffer",
              "data": "+epd5vilJR2BUBOsH2fLJAvm4EA4tuM6VsbrL1fqMG4="
            }
          },
          "YCFCvhABxtX6seYw45VAeJcuJinAiIn8PsxbM5tBVEg=": {
            "valueMac": {
              "type": "Buffer",
              "data": "e71A0lTJ2AwMAazKshVkoPK35mxQqeonctY5+aMhzXs="
            }
          },
          "fc8m1vMAfjb8hOpjL2wMqm293S95U6xe4J/Q00vJiOI=": {
            "valueMac": {
              "type": "Buffer",
              "data": "EX1XtYFz9NX+0RIZOwZW1g7bVBgf5JMu2lwmRDX8ez0="
            }
          },
          "gA5sdSKVChxkbqOgkzN9uFuOQDNjYLI1J44kcPLna9o=": {
            "valueMac": {
              "type": "Buffer",
              "data": "J8rkXsOsErj1L728HpU61Jsi30zkkySmbv27rJj0+nA="
            }
          },
          "mg3CqCqlvlWf3VFoZt5XtzeDabNRSx+gzpwFUXbg8hM=": {
            "valueMac": {
              "type": "Buffer",
              "data": "PYaDDVtaMIUlS9gw6aW5CaGDUeM9s4GFyCkvYCjX7M4="
            }
          },
          "AlaVZZhUGFt6UyR3+O9UU9hQ9az7ecP+TPtChtsL0Kc=": {
            "valueMac": {
              "type": "Buffer",
              "data": "+WJDoPpkeho85zUoUPIqqiT98atgKSLgmr51NXs4Rxo="
            }
          },
          "Kjlc/6EbDBLNiAmXuDDqk1N2VOFRX+3G+oQCWgMa3Lk=": {
            "valueMac": {
              "type": "Buffer",
              "data": "uYtfs8tjO43nAKPeBMPURMtOOmsNXc6OVLekIlT190w="
            }
          },
          "slLlGgCaELAtV2APoLzrqvaRbWqAtwE936gJKL9LJCY=": {
            "valueMac": {
              "type": "Buffer",
              "data": "M8fp645puSyufjVPQcc6Wx1auCarwgLii2D1bAWFyII="
            }
          },
          "FiQ6KwzGyqWmMXNh5DLRWMxxKDiEKo5h0OShuAcO7Xw=": {
            "valueMac": {
              "type": "Buffer",
              "data": "ccYRpdRX2tc/XUPZAbBicufEc4+ho1Z0BM3pjws79B8="
            }
          },
          "LUCQXz6sU494cYw0HQELy1OEg5gVFfZW5w7pt0KA0j8=": {
            "valueMac": {
              "type": "Buffer",
              "data": "4Ljvwe1Qbde0a8lCkZ+nvOZqJS+uFuvCGK6JnOO54eY="
            }
          },
          "lOPqBY7IC2iU0PeA4Ny1R/iQQnlfRQxftANifIPnon8=": {
            "valueMac": {
              "type": "Buffer",
              "data": "Cvr1W67673obHXhOrT+jdtabq20FbrPoaAhaZvGWHkY="
            }
          },
          "9fWGtER9iclow3xA2xcXIwOfgRTnHBqvbg/zExQcmlg=": {
            "valueMac": {
              "type": "Buffer",
              "data": "NnV8HnGHtgcX6PdhVzzM1kN20iACQa8F1P5cT8/VKJ4="
            }
          },
          "gEvJ4+2WszJFdCgjYebJXHIIo1zTGnTiu0j1VWDJSK4=": {
            "valueMac": {
              "type": "Buffer",
              "data": "dUXNVI87jOvbJcJphAg6PZ6OjpgQq5uHNJo8CfmEZL4="
            }
          },
          "EEUwk8rzs6S/et7oEIn3qk+Fk//RDzZnAZj20M7MzUw=": {
            "valueMac": {
              "type": "Buffer",
              "data": "mgfdif4+JhWgNW4YmRL39K6ujI84Wl5hoDv1iNrdACg="
            }
          },
          "MTvK25wfVKpo78WZEAAZOpx93lVLih/p8+CWAh01Jns=": {
            "valueMac": {
              "type": "Buffer",
              "data": "zbFJy1oi6aHa9LZGU8Wfd7AdPj/QPueol/sOL2Iy658="
            }
          },
          "aERPo57fDzgBLvPD5+uKFeED3pS37JjB2C72q4lh7WY=": {
            "valueMac": {
              "type": "Buffer",
              "data": "ayduFJAVhKKF/J9ZQbU7CD9CCxVFkIe6lQznjeE8k8k="
            }
          },
          "WK1aEe/1qYM9BRL7HO+q7fBdpREzPm2hElad+Nz3JwE=": {
            "valueMac": {
              "type": "Buffer",
              "data": "k0kvqfxeT5Ew6QlM6yyUFzgUBcix6xq717AqVdY2G+Y="
            }
          },
          "qjay7LIGgsIWvvL3lHwNc6guCBf8MBiZ9h/F4OdsE/I=": {
            "valueMac": {
              "type": "Buffer",
              "data": "CScNAPTioYuaFQenz3OgsVjo3rOp2c84LhoZuydVSm0="
            }
          },
          "qROR9hA7ff7sX5EhYusLpSZMADz+D4G/8a+DPvt5gE4=": {
            "valueMac": {
              "type": "Buffer",
              "data": "IZtuhN0NPVQCY9QLMtKqHOgi0vVP4VecLzdbL66nBO8="
            }
          },
          "clBE2C7YBFHd7njr5YRqyhF959vQVqtb8wY5rNq5FUs=": {
            "valueMac": {
              "type": "Buffer",
              "data": "mwW1Cz2qFmYJ8V0DxEQSGDuxWESnqOAZ05tUfdJImaw="
            }
          },
          "BmEpjSHbQ+qjUFBOLqPICOBnC7UYEGV0h1k7XJp30jw=": {
            "valueMac": {
              "type": "Buffer",
              "data": "PuOL8E8t0AGlQFIeUbmIDVzALmQdAcfI8TBpo2Nmk8c="
            }
          },
          "9DxxVIGEGqvgcbXkjyOLC8IE8ontqNHv4idAgU6LQzk=": {
            "valueMac": {
              "type": "Buffer",
              "data": "XSNsf7ubjdOE3AlMDKER7Coc2khHfLK5midcof0BgNY="
            }
          },
          "1GHrp9G2YDLUgBkYAjMdcwxNxiS3j8Vqw3+sf3Zxg7g=": {
            "valueMac": {
              "type": "Buffer",
              "data": "MBy/JTpKuGM/9C8idcL8v9ZqyLeOj+IKXkkmua+hk1E="
            }
          },
          "0glfc+oizCW7zpP0xkk+7/iBWxjBPFGXdEUqJDBZMO0=": {
            "valueMac": {
              "type": "Buffer",
              "data": "Mb+5eY46u18zCmvkS/GILc316tt/Tac8wveh4NBesiI="
            }
          },
          "6hD0vyExLBrpAh1SXUBXUWSz1eK+y4wNR5htgLaIjwE=": {
            "valueMac": {
              "type": "Buffer",
              "data": "OJ0l1BWn/zRFXwWqtwnyZwFLBEs6dbClVC7PvBclOuY="
            }
          },
          "hsViBv1HNL8vKL4SscxES1GonKio33CAwKO7f/lxsaA=": {
            "valueMac": {
              "type": "Buffer",
              "data": "u/7rseBbF1OP0O5+8lixJjOKvDUeHSvAFo+keJkaT3w="
            }
          },
          "b6fP3wMN0yKGA8ahs+V7QNd8sI959Ke7mAQ4dMCYh4g=": {
            "valueMac": {
              "type": "Buffer",
              "data": "uYpa7yN4rr/rKDjyBKKktOxadz2UpLr8BTYNLGijgR0="
            }
          },
          "UtRJZ9LIyADyMQN4cnG8420+RJ0dlf9xArQtOrZHLUc=": {
            "valueMac": {
              "type": "Buffer",
              "data": "T7q2zS6UCJLShu4Tz76PrAH+u1H8vEp9OHD/QJOVmfE="
            }
          },
          "yXGRSWcNRZywgVoRDze34+cnp5cicxVigRzQHxMKn00=": {
            "valueMac": {
              "type": "Buffer",
              "data": "wJjKMJ7z3d77+MD3m0Vvzcs5oQ+iLFiDCI5arU72TaA="
            }
          },
          "W1hSIHvG6IN/EutfFJRthEwgx2h5FmQqBK9XD2SvvYc=": {
            "valueMac": {
              "type": "Buffer",
              "data": "ubsec5NjCUir9XvHbtTCu8wBYu8+BBI2nD1omcRwg+w="
            }
          },
          "JIiHUlZxt5ph6l0da4C5YVoqqw7hOTS4gE6dA2H7GvQ=": {
            "valueMac": {
              "type": "Buffer",
              "data": "+HUv0A/bQ6aiGxZ6Bhphx8zDD4IMTgJRsLUpQNfNJU0="
            }
          },
          "ip+ZsQh/aIfNz6c87NCm6a5HdB7EJftf90v2OkCZSaw=": {
            "valueMac": {
              "type": "Buffer",
              "data": "S+wJbRYctAmlqltctijMANuZjRqXZOy5y6AwM52Zf5g="
            }
          },
          "gKf2ERBbfj2dlTtDWgAh6Dgt9HyITzuKog1xFHsvWkA=": {
            "valueMac": {
              "type": "Buffer",
              "data": "cZ923jiZ+IEUx9BXC8wLkJJfenvSwSX9qjHNKWPs/ow="
            }
          },
          "fbdZ1o561I6whb9Gys4zFfm7ulU8zZo7gtma8qf44Tk=": {
            "valueMac": {
              "type": "Buffer",
              "data": "hMFPuaq32+3tjFvMgq+aquC2nWuyDPVKDsoBIBNMlZM="
            }
          },
          "47BtgkSyOkHqWCBQspJmL3ALn6fAVljKf6vh9gr4fPM=": {
            "valueMac": {
              "type": "Buffer",
              "data": "sLcRCY2BehNTv1qs0DULhbjAW9BQChCE2x0lkhEmIC8="
            }
          },
          "RAl+mZuohQOC3oYlf5jayzbpRUQlkNrJbEYaJeUYUgI=": {
            "valueMac": {
              "type": "Buffer",
              "data": "hL1Au4YYWGn1nSYqw8iAd8q3UbxrPGucQh+dYEejQKs="
            }
          },
          "sImASxide5GdJfZ8tm+fhPM28mAezDlTyvJNkudlD6Q=": {
            "valueMac": {
              "type": "Buffer",
              "data": "bQKMRbbO9nVkIMenyCAT3wWcJitzJESwwBNGiZfSuZA="
            }
          },
          "yXmKqsP1ROxM0obfBBXt63MUvGKWBn/ehbLKUtSIc5Y=": {
            "valueMac": {
              "type": "Buffer",
              "data": "hEHTUBNikC2E/pfq9tgiqnQj5BeNLHiPkorbSJTYa6Y="
            }
          },
          "wPny3xr4I4aqLT8MDyv0qkBflCz+oIbtTeJRiML3Jmg=": {
            "valueMac": {
              "type": "Buffer",
              "data": "NjMtcwYDJmIHM71xwhavL2tETmGiIR7NjLzd/UEpG38="
            }
          },
          "8SIh77vQVbKJUTMqTAPYp3DdSkZJEXxhwHiPYzhGZCU=": {
            "valueMac": {
              "type": "Buffer",
              "data": "nWqR4uJP4f0PRy/iVX7mY69s+uF6Qn0FLIQ3DTBmLx0="
            }
          },
          "hFukaimUfkPsiuS+hSOPXdYmR5jL6mc1e+IpGDKsuo0=": {
            "valueMac": {
              "type": "Buffer",
              "data": "1Wahfl5oq8eUH1zKtbKgThGgBuSPwaCyb1rrEIFd5hk="
            }
          },
          "LCxflTyBYwDo0Zby8MRv6ztWZ2GXC24bREsXJg6E9Lc=": {
            "valueMac": {
              "type": "Buffer",
              "data": "0Nlg7I3ZuBN6dGeOSTo0FGpJjZjuiwtcpEMGtogkwiQ="
            }
          },
          "UInPjo3WIdrKrdOPirPfMi3TaIz/P7N4QGy/WYvYunc=": {
            "valueMac": {
              "type": "Buffer",
              "data": "vY1+gZkM/mNPpxjCDLTIXzP630bxE/8Mq7Wz1IpO8W8="
            }
          },
          "HQlcS9K65OBaXbZONsmnSUoGPLpQWnPg2oYJNKCES4k=": {
            "valueMac": {
              "type": "Buffer",
              "data": "3J8VICjaCTw/yAkb3Q/YlDhL16k7pnTRTmqR0YB+t8g="
            }
          },
          "t4zhYeQwASFkJvwcgW1oTjSjjD5wyiiS1ea5iqerxKU=": {
            "valueMac": {
              "type": "Buffer",
              "data": "e3a+AWpysU1QzMpkCUfuII8FvMEu0OasYCDSDvIrGmE="
            }
          },
          "Ryy6KFju3/0/wadbXfPgHPwgY7r/GrLSAoMVNuwKxfQ=": {
            "valueMac": {
              "type": "Buffer",
              "data": "8DSYVdth9HfLyMqRcQU4yh8cpDqgQtrM/QL3Q+aO138="
            }
          },
          "Vxvqg8o899KS0dtpWzj7lx2PXu4Na3CEVNuN3XLKNi4=": {
            "valueMac": {
              "type": "Buffer",
              "data": "HYX8QySOPfzx3aSqO7i23o51Alx8w6jpzQp+/9EVHE4="
            }
          },
          "hwOMLnuR6oyBsJUG0uSHdloRDh5K4IbzPLSWLiCFjUA=": {
            "valueMac": {
              "type": "Buffer",
              "data": "4qBXrzhzBms5wLAmJE4bX2/Yemv0tzoh5hOhKJDEuPs="
            }
          },
          "kzlsy/9UHIsB8EEqOPhYhil67Nu9PJH6r8gbfWeQXZA=": {
            "valueMac": {
              "type": "Buffer",
              "data": "16fD0UZrE9GxYqxJFLh40B+Pd4FTNMSM+cEEnGHoG04="
            }
          },
          "fAPTNR3u4Yy/mBhlrvcm6CW7caCyHNTC4rfmi17xv68=": {
            "valueMac": {
              "type": "Buffer",
              "data": "c0OINxg4BHdS3bQeOIgYno4GSfcXTT3WmuzviIJm2VM="
            }
          },
          "aaCrla6p2P+uBoFCkIxWVaxqXi0FBMwtXrSl+kJ8mbA=": {
            "valueMac": {
              "type": "Buffer",
              "data": "mdaiWMud1SaRyTN9U0+OPbDwZ1N9SW8Ov+AOD2Dvlpk="
            }
          },
          "kKSETh794U39mKqEKND/L7wUYoO9S6mnEVXS+pVj7Uc=": {
            "valueMac": {
              "type": "Buffer",
              "data": "2xVBJrYsFf1Re+Go8BI0SHvYjbGfMa65DpO/yO4GhiU="
            }
          },
          "qvlnwL16+scqXLzxmznvKjlo2YwNRiLKO7V+nTXsgxQ=": {
            "valueMac": {
              "type": "Buffer",
              "data": "N967OtPX6N+XvJMD2a6sSQ3z8+tnDHIuTblExJdlRlA="
            }
          },
          "LA0NFEszqJC9/C3TAiE4dFfWNQxKA4z4lkQJMyc8GIQ=": {
            "valueMac": {
              "type": "Buffer",
              "data": "3IQm2zhUOSjTNXro5ebV02CDToIRHqNVQzUvDrDdfU4="
            }
          },
          "wejKGTGS60RCkPGyMp5YhT1iDEz1EIwZE5DAZ6fBMGw=": {
            "valueMac": {
              "type": "Buffer",
              "data": "S75VPqevYYt/jT7WW13rTXxd/D2UeQ9QVJZtKLn/Tsw="
            }
          },
          "R17AztbNRGZy+pi9quvvRVqWilG8Pczbi2LYU5qq6JE=": {
            "valueMac": {
              "type": "Buffer",
              "data": "0qB8U8ETj7YOIVsm7Yrl5mGUkRHy+u0JxM/EPol7hHg="
            }
          },
          "0Tl3eoW1IRd31/THAeo02tCg6WGlgkakSDItWnwhUAA=": {
            "valueMac": {
              "type": "Buffer",
              "data": "meFG5ArAcfALTRC5AFrLsNHLYwsJm21b3Tlyfd6euDw="
            }
          },
          "VIqpquQMTsw+MotfLbYf/GYqCEQSFMIZUPdlMjE1w38=": {
            "valueMac": {
              "type": "Buffer",
              "data": "YAJVbEbwEYQmSe2BY+PneDAFTO73AUafgcUdoyPc8Ys="
            }
          },
          "hbgAURnuVNDcTStRNa8d8pxFAIfWMbsCE+5kZprlXhA=": {
            "valueMac": {
              "type": "Buffer",
              "data": "LKwCHca2JREdy4Cg4Ke+dRJ+12aZV+uOD3nNfQk+/Hg="
            }
          },
          "h7KPUJxikupyxWgOQa2EXOmRwS/zLw7lB/ENnXJ6cCQ=": {
            "valueMac": {
              "type": "Buffer",
              "data": "oXwODFrxIXi5qGSZDTAe0M53630AfnDMALGpMi6uZSU="
            }
          },
          "mcu1y6Zwrcp/pc10KafdI86qD4bn2MLieLtFtYTQ/D8=": {
            "valueMac": {
              "type": "Buffer",
              "data": "9kXOeWrXQMuNbLXZspTuEGgwbSiKtPpGhYJNOUeGIXs="
            }
          },
          "MMtYiiGcUop0yKunLd4T0+a1ES1sbkQnhKI8mjbh1sY=": {
            "valueMac": {
              "type": "Buffer",
              "data": "njeHwOIiTP6Onm6OTqZZ/YKnU6nRELFGKnjhRx/H8MM="
            }
          },
          "aeGUVwjT3xm7+Cty/3szMfcg44JmcrWQRYZeTdAaKa0=": {
            "valueMac": {
              "type": "Buffer",
              "data": "us+bx+U8cQ2zqVElnV7B5o72iZCE9lXRRtQlItz1ITI="
            }
          },
          "l5zjfLNV9hAD/qXmtVUxRI/ASjk2o1d2AGe13qmlc2M=": {
            "valueMac": {
              "type": "Buffer",
              "data": "S3CXgc/trFxnTNKqLlc0MQMEES4ZAS+8RmTNuDeDykQ="
            }
          },
          "yzjd7JUfSQh/AXA/DbPIvEBNlL+SxwpYsKO6uBKdxns=": {
            "valueMac": {
              "type": "Buffer",
              "data": "SWRk6i7KYeBlh0a1IXDKiG4UqFyte7UhKmMmqv7vyFU="
            }
          },
          "PMSOxWdiJCH7UVUrhksLZN0fpr4cxoCSLUwThohPCxU=": {
            "valueMac": {
              "type": "Buffer",
              "data": "4XiZm8+0M0VUcGm3eQNQe+lfLYqFhPQbOQJkWzjPmkI="
            }
          },
          "rnyeE9Yd2EnSCl2f4xjBVmhXqaM/P0z0PFoME0yOXS8=": {
            "valueMac": {
              "type": "Buffer",
              "data": "OEXcpV3OUQ14UQgAoTk3HyHvKLM1p9XejbjXfYIWLx8="
            }
          },
          "prdGzOs+RLRkhClJSTnNPEwPluwJMoF4M3BeScdEjzY=": {
            "valueMac": {
              "type": "Buffer",
              "data": "Vey7lhcFBmMyH5IknOl1IW+J5jpc+o16f8b5IfOw+F8="
            }
          },
          "a5t9KbSRrsdZVnxmeafRvdJ4rJl3B12VzfVwmdBXAdU=": {
            "valueMac": {
              "type": "Buffer",
              "data": "MeLjyi4rHCL+oT5lL9Bb1dTwoF/ao3JlbCXaHXiD/aw="
            }
          },
          "91Hq6lsvtRsJWM5z6WoEARBmX/48Bkp9w2BZezodufs=": {
            "valueMac": {
              "type": "Buffer",
              "data": "SJQe26l1MBNom4Ft0/jTXHAQsoPx7cEklRlEwQVmFzk="
            }
          },
          "kJcqiKZec20Q0vv3krTYlOTqJz0+FVL28GbiXcWl/qQ=": {
            "valueMac": {
              "type": "Buffer",
              "data": "6LqPMog3lZEgpxWnKQq/C9lVfZIeIF8Thell63Oyov8="
            }
          },
          "3AtK9vVdfA1Py6xR8EkYH7cJx5spsxtKDqUSqORCYF8=": {
            "valueMac": {
              "type": "Buffer",
              "data": "tMTJWoYZjFjVgWcFLwXB5IPerNadzsZ70SdjToNDUvY="
            }
          },
          "gbT3l2N6McrtZOOX3xvYRbpfmlnboBDn9dk5R75THp8=": {
            "valueMac": {
              "type": "Buffer",
              "data": "c0s4fajLCi69/JBD7UnTXaGo4ppbsbluM8+AfzUmk64="
            }
          },
          "epK8YaCSmNY0PuLezI0EVA5ST0ImSwSJPGbWE87wxyA=": {
            "valueMac": {
              "type": "Buffer",
              "data": "sjUIn7rIBI5TS1S6oqDnMDrwfRJxsyY476aXqWMaH4o="
            }
          },
          "1vdZqzfF9u/YQMBzaLc1iVbXIAG6wNbtA3SOVXf9jsg=": {
            "valueMac": {
              "type": "Buffer",
              "data": "NYr6+3Q2y4aiFFSI5YT+ErtZyLJ89uHW6Dt4XqqZj7o="
            }
          },
          "k9bDn1dWnihGlzcu23j0k2Cd7h1lDI8rqnfjbfN1HbY=": {
            "valueMac": {
              "type": "Buffer",
              "data": "RGk7ecnGpwpU3zCPNsxmyuT8Vh+zsn2/cBRMR4nKED8="
            }
          },
          "42pHric21cdCKVB5Vf3a40BKSYGA9XrYBK+OdGG2t4E=": {
            "valueMac": {
              "type": "Buffer",
              "data": "MowO+gwTyU69U43qguBUilu4pr7jAVdXdxIoaE/yxz0="
            }
          },
          "On4z0NP7qdoVHeMhNG5Iy6HW3QR5D9kL6lyYyNAdpvc=": {
            "valueMac": {
              "type": "Buffer",
              "data": "D5xI7Yf187Lkm1Tn1lKq1n6P5We9UKsPSoX7pzkGjsI="
            }
          },
          "/XxCS2oj4hqFM8PfnuC5Ot/2NdtRLIEOQ2m8HcbhJo8=": {
            "valueMac": {
              "type": "Buffer",
              "data": "annFR7zuxCTQu0QOdrQy0OD2BjQDOZGfqoe/lcah4w0="
            }
          },
          "8NfDZNMnlrUweCbBu5ixrh79grGFxtjesNY9S5kXjC0=": {
            "valueMac": {
              "type": "Buffer",
              "data": "NZ0Wq7akaIExCbvn8DTyZp8gCbZVOJrytNHWKl4xoUU="
            }
          },
          "yHccz2/rF8E/+XICoT5uVax21OLiMoYymWb0xWayqtk=": {
            "valueMac": {
              "type": "Buffer",
              "data": "RhL3tj1YWRJKTeXgEdUL95OgSSHK96R3bTCYyNAFhNs="
            }
          },
          "lRBLpNf68b5bH3FXzKJkngzaTUP63dSlRIuvVmC2SXM=": {
            "valueMac": {
              "type": "Buffer",
              "data": "T2y/7kPEngxXiqOR+2YjUpe1VdIjSJsvVG0d5SeKp4k="
            }
          },
          "DDsGLLoWyWFFh7Xng4M2RH+gCYi59/KMK4KZ0Q/N5/k=": {
            "valueMac": {
              "type": "Buffer",
              "data": "nGCoMuAx+Kr3dAhJtCIWgGqRECrlp5gERqfNhA8MnWQ="
            }
          },
          "k53E7RtUlELvZXzl37IYLZlHc/nY125Whjb3YndkwGM=": {
            "valueMac": {
              "type": "Buffer",
              "data": "RzEwN442qwtdbFYBKWGEu/FHu/4kAoN0oFpNybrHOIc="
            }
          },
          "sUL7/CFV98/AeQqG+/RVkvSq13Np1zyP5aYsm7schEk=": {
            "valueMac": {
              "type": "Buffer",
              "data": "6a02fOBbaEMzDTzfKCgWc6yTrrmekNzSnnNWqT8JRC8="
            }
          },
          "9jjO4PE7D9MNT6B0/yGl0jrp5KbO4MlFQB5eA7jXnqQ=": {
            "valueMac": {
              "type": "Buffer",
              "data": "/gzrkjGjNXJ7D5eGrCYGMbudzBoAIcXAVJjQWC8kLjs="
            }
          },
          "QG956mTSUiPqVQ0ChA5oYlTq1b1LKkW8Hr8J0H09ZCI=": {
            "valueMac": {
              "type": "Buffer",
              "data": "0jiRqApdebfRNLQmJ7lJa8zN+Osjd/xd2fBau36LZkU="
            }
          },
          "YLuRXsqzLartyq+zby+Vg+J9AKqFV1ybliUlEv5hh4U=": {
            "valueMac": {
              "type": "Buffer",
              "data": "iAOIexlf1pWD4eTnbrIPNvy/8VJOTRKeOidR5Rqh+7A="
            }
          },
          "A4JKt09g67+nu//z8LBcJerpk4bVVEP5kaesCdedaA0=": {
            "valueMac": {
              "type": "Buffer",
              "data": "sc0W3Ejuq3ePhexPlRKTeouL+XXoS+K7TtsDvp0y39Q="
            }
          },
          "fYjLWXdnNH4LOa2y1yIwAZYqlp0W6dqDOprUHTf3c/c=": {
            "valueMac": {
              "type": "Buffer",
              "data": "7piNJyabe9yuUgOMGX72hcFHBsoUFRtPPxnNpC4z26U="
            }
          },
          "ki6+zcezEHiSDhe+sKZ7UM/K/wTo0dZUTdEwo9dvSNI=": {
            "valueMac": {
              "type": "Buffer",
              "data": "9tXTarQQmnzUVlymLXvSZlRVtG1YVLYdOuuxhwIubgg="
            }
          },
          "nCzt56B+hDaiMSPdd+MHK+Zq+Igau6I6C9TFDwK2ElM=": {
            "valueMac": {
              "type": "Buffer",
              "data": "26EAyP5x8gLGbeLflEPFUubd87wwSJHdR9AlzM1HA3w="
            }
          },
          "4vBgg6BRLEzF/gJtw0zA3U7LBdzlPNTXvvlO4ovf81Q=": {
            "valueMac": {
              "type": "Buffer",
              "data": "tnylmfBD8H3ToQAZHDtKKDsnj0B9WjFGFmHfaq6VbM8="
            }
          },
          "+r9GcZXmc9PyDlZNvv7SpcVkk1AWqcQ85US1OM5t2LI=": {
            "valueMac": {
              "type": "Buffer",
              "data": "7wyt2MdWroOm8S/zM3DZ/fY9P8i4NHjdg/RjzcDSs5c="
            }
          },
          "st/Iv1XAC8sFyJBXgoxIJzqSay9UQdnJMEe/Ef/5tCI=": {
            "valueMac": {
              "type": "Buffer",
              "data": "fzYH7vBkOicnHTa0jDLby+OWyBe737yCujMjYL02ZI4="
            }
          },
          "tJrBPO0fvBhOIpxrtBBWh6jCiqyuL9NkmpKV0hANxSc=": {
            "valueMac": {
              "type": "Buffer",
              "data": "q3vUlnm/aSQqocaR2zgyijG64O9LIPrnHEoMQH3fnNI="
            }
          },
          "k+BKeJdUnWWFBieG0WYSUM9Do+i9QOk+o67iNIIOyzg=": {
            "valueMac": {
              "type": "Buffer",
              "data": "8oixxlDj2hku3a7QHnX0YtSIYfbCqGnekwubqLy42PY="
            }
          },
          "DisuURXap0iZzzFVdPqoPudsJSYKYWpc/7+sVwmRZMM=": {
            "valueMac": {
              "type": "Buffer",
              "data": "ziBFSVX5k7UjHwcKmMbpaWbHgWxem6WdiGVieQfSc0k="
            }
          },
          "3fGFbMmrlQFHarkqrCqzJT8duf/ZcN5emwU9GdpxjX8=": {
            "valueMac": {
              "type": "Buffer",
              "data": "ADPolk7r1gQroLrdgVXusvazi46LITkJIHY/D1Dp9hQ="
            }
          },
          "EBUoPdyT8Ff/KU7y61gn7Tei7kWAyqbBO7Mn3LF4P9w=": {
            "valueMac": {
              "type": "Buffer",
              "data": "zcmq/tScUQRCaxMY7ptHgzwPVpKNHYp37ssRbBXFNV8="
            }
          },
          "PEHdTWXiHHSA2QUN1epVtnjgUpkv8YgKUr+EfoSOULw=": {
            "valueMac": {
              "type": "Buffer",
              "data": "nKgU6m2q+srN7aEErBDH9T5ul/2q1PTeMSLl2P0eDLU="
            }
          },
          "KnfEL5T51Jy3qjg0IP/oMB+TR53EqI1GdURNUkvjA6Y=": {
            "valueMac": {
              "type": "Buffer",
              "data": "hNv5b+Tn5YjZ6ZJfoColcLGQpiHrQO+9KFH8tTYVqEE="
            }
          },
          "ajE9JuwTUKcj/CTHYcL8hmzxpPtuR4NpLGVOliZSVvk=": {
            "valueMac": {
              "type": "Buffer",
              "data": "qnc09qoRFGgakCUC7Q5PUbbemRZebrebOAoD3nMjC3s="
            }
          },
          "DWrXhQ5cyzhixGpQ7GH36KOI7hB9ci1bmwhp0Y+LID0=": {
            "valueMac": {
              "type": "Buffer",
              "data": "afUJK5eAYtx8At1TO61BP/mbTul9IlMoSm/TwWNDdls="
            }
          },
          "2jX6ie7GHvEGvgRil+dxVRPO5jX0Pjf1qOHxaG1GPBI=": {
            "valueMac": {
              "type": "Buffer",
              "data": "EaT4enQ3xxE1lD3GCtX1KWJptmD1TFpfip+/7ikfSOQ="
            }
          },
          "ZS+xYV/nWWMGEinG7WB+GeFwcNcUGM/chI9/KOH7dWU=": {
            "valueMac": {
              "type": "Buffer",
              "data": "0/Xvv3mr6ghHFced44CURTgxXzuce5V4OW4zXJK9OdU="
            }
          },
          "mHxLU538lTTnJE93u829aGh/3gMASI3mKX6G9FDE2Jg=": {
            "valueMac": {
              "type": "Buffer",
              "data": "xTvUGhqN1f/Q+/RI5Lyw3mxkvj9NCTrlL17Q6uwD9Bs="
            }
          },
          "eqq5UWfH0GsguD+BgLz4OzC6RxvwcO4pgZssf9gq+78=": {
            "valueMac": {
              "type": "Buffer",
              "data": "78Am7fG1cfFXcFDLB6UNWeXkWIl8FUCBry+B0nvN//g="
            }
          },
          "uTE+1IY1CGnkHnxVkpqqgvcvLVaOHLTu0YdxYmscuys=": {
            "valueMac": {
              "type": "Buffer",
              "data": "YDNeOoL1PePwSVb8Euh8TG5w2fgh1d+BIv9FnJokYNo="
            }
          },
          "uyEHEU9BsehP7dRxWJ8GNc5yzaONe6LB4sU6ynYHzKg=": {
            "valueMac": {
              "type": "Buffer",
              "data": "rRKNvmBRB9vXlytdLFZZL4fxQipSWRfcjNwUuhsiyqE="
            }
          },
          "XEFx6WujJhBV233186lOCeTtPsJNJ+dMU85esfq+NNg=": {
            "valueMac": {
              "type": "Buffer",
              "data": "B9O3mimzvFd5UgpcekHW7L4m2wCU7gzy0r7+LZfxIhE="
            }
          },
          "SKjHol7D5AX0qjbuOn7NI8qUs0QY+E0EjDB/ceOAFdI=": {
            "valueMac": {
              "type": "Buffer",
              "data": "8G1j5Vsk/MEdW6zoEqtGtzYsRYPtGJmHETV4rYIYXss="
            }
          },
          "O0XAnyegltWmMmueJD8SrS2c3xUPCP+Sg0jJ/O7WhtE=": {
            "valueMac": {
              "type": "Buffer",
              "data": "F7FL9+/B2EWVK8zbmUdOhVcTwt8LthpWCmNsUFCUTzo="
            }
          },
          "FxYqHPo6gEEY5kDWbTjiteVwpEW9x7KBsrQAMy9+wkk=": {
            "valueMac": {
              "type": "Buffer",
              "data": "rnfUszIpQS9ge0221QD9g2/36mK1UtomwuPWAi7Hhg0="
            }
          },
          "PkarHtr8uZi0b1AT3xYknpqxnI1/C/m3qbprM/Kltig=": {
            "valueMac": {
              "type": "Buffer",
              "data": "4dmGRlFmqSacelhnbWTcm3h0Xv4iypz9pEwrZq2Mzms="
            }
          },
          "wdbo8zFBzFFxPuhwXxYX69a6MlhJpjiBkyaSWJodlVQ=": {
            "valueMac": {
              "type": "Buffer",
              "data": "GYg0j6oeH8j9ZsG+QJBET7xHmau6CIvjjka9YyTaGas="
            }
          },
          "9YP9YLUUUPTixfPZ0xUkwznX6Qh890jwEnzNWkBFPbY=": {
            "valueMac": {
              "type": "Buffer",
              "data": "1pGkIu2Pp7DxXZF0unRSc+BIT/SNe8GimqXI46LXay8="
            }
          },
          "QWaghJfQHFLOe4WvpTQ95laji3CjkxRWs7uaB9ozu2M=": {
            "valueMac": {
              "type": "Buffer",
              "data": "9Vw40HnzMSSIJ44emyEWYZF3uR5cHoU2fxiUkshePsA="
            }
          },
          "pEu/vTaMFNVH14Af4dD/2FvEwqtyK3csg2mxm9lL7kg=": {
            "valueMac": {
              "type": "Buffer",
              "data": "jLY+nhghRXnDd4EvrBpli/8oDg7gZjkcRi1E1hBMXTQ="
            }
          },
          "nwUsiC0xRM+1s2ButaeVEwpQuEwXonlEMlB0azXzeno=": {
            "valueMac": {
              "type": "Buffer",
              "data": "+fY2aiJ5JdZIKbU6zl+3+EIvaZ4Z3xGZLvYkI9zQ0qs="
            }
          },
          "HgMNcB2rrtb132U98fgDk9Jd+/z+HeEcj4T6Mbh+f7g=": {
            "valueMac": {
              "type": "Buffer",
              "data": "I62RTJV5afqAOT+rQobv0K1+SRqjMaPeM5Ce/4ah5B8="
            }
          },
          "8DLUfpN8aO3nVM3iT8mCtdRqPE7ByB7iBl9wnKsaPYs=": {
            "valueMac": {
              "type": "Buffer",
              "data": "8gZI8sGfIOnSOZBbd+kitAZQMU3KATqSczgOeyLJwug="
            }
          },
          "6ucDwKw8lemoO6SxvC3sUEUFjzRQcAjj7w8J2GCjaEI=": {
            "valueMac": {
              "type": "Buffer",
              "data": "99PnGmbmUqkoWWbgfcKuM1nOFlHY8v0D2H0EcGGdJPc="
            }
          },
          "q9oER2UQP6vgzPpOmirn+FgHYIFpRAI6XfaTyPInE2s=": {
            "valueMac": {
              "type": "Buffer",
              "data": "vWzUYb0FYET7mL2YKGGFsrVLblbJ79nmMdyf/xEQoOc="
            }
          },
          "oUEgnLAwzyabwzuwXs/B9/6AaioSHg4fVKae96Glvu0=": {
            "valueMac": {
              "type": "Buffer",
              "data": "AvcqE1TGvG9qNDr/TsR+hMlOVozPeaWm71yLuzUDjbg="
            }
          },
          "R2dF6bpab0qTdgdvCg0EoEl+RntsiU5EbOCcHMTk+8I=": {
            "valueMac": {
              "type": "Buffer",
              "data": "nFPRvPRH01bpdtGGO+8sfWn+X5JCJT8fOxPnHQspC1M="
            }
          },
          "3ztDjQ9N8RPIFD+rvTb3SrpBcT2pBB4B2syVfqN0Jow=": {
            "valueMac": {
              "type": "Buffer",
              "data": "iLv4mfx8beRM2sY2XkJxjTMUyHbljvljsKvAShqOww4="
            }
          },
          "SkNgQQYJzj/gKW6A645Vyc0Zy+GrJ7X9qUedUTbMZR4=": {
            "valueMac": {
              "type": "Buffer",
              "data": "JgRSDGBWDv91FmqTvOuer1XevaPNk1N7qR4R4s+uN0M="
            }
          },
          "SYOrJmbk4DDAqEVABGG5m1YLRfw4s/7TMkAKMxiTarI=": {
            "valueMac": {
              "type": "Buffer",
              "data": "N37KVMZxKjEw6FNpNzrdJCqsEBhvmpLXIL+CTDn47ck="
            }
          },
          "jw3VpTHY+z7IYcxGQZA6mrr84eBz2RHbYx3Hrne17ew=": {
            "valueMac": {
              "type": "Buffer",
              "data": "jTKQUcPMylWiFqtW5pz4qWcdOLJ6EbpUqgd2O1hW3UI="
            }
          },
          "6dIw5uYtJciEnHdiQ9qHDYd8GHZrtYQ70/fD58pzaH8=": {
            "valueMac": {
              "type": "Buffer",
              "data": "l9LTiXpuFjAohTngRE+TgLS0jkEpDjUyqHBTCwGqrlw="
            }
          },
          "YCr6RbyRXiKHTsB1eGQLcsGUB1zUEJhx7br1nau+iNw=": {
            "valueMac": {
              "type": "Buffer",
              "data": "9ziX5mT+FchkG7YzwH6tWJnhdOOrlF3WRBOz+PmenWU="
            }
          },
          "jx2P/Lk8oe5zHQOadoJq62JFKR+owM63xv8lGMkbiPM=": {
            "valueMac": {
              "type": "Buffer",
              "data": "cLeVPJpQ7ePjiSVFRcfVVNCfacxobFl5ZIvcVOncZ/0="
            }
          },
          "1G75C+mgPuRDIxV0jbjmy/C//tfUoyQZTRmAk//rA9U=": {
            "valueMac": {
              "type": "Buffer",
              "data": "nrJP3sXviAv3rxi6746cxMhfWBr518VeUEM3uweu3t8="
            }
          },
          "OwPKWw4BBa07vn5hV+IkclgMQFSa705xGGFnUkziZIA=": {
            "valueMac": {
              "type": "Buffer",
              "data": "Nyyh+dMThens6XX6rgLSvdi6ZuK4mIeHGO3JRlEMJGU="
            }
          },
          "ZiDoNxnxYtlvo6M+nXFj0A2ziJzRv2KGEXuPEvrTQ10=": {
            "valueMac": {
              "type": "Buffer",
              "data": "61WMOwMzK4zDHf/mQs8HZs3rQlrYg7w6l+ScIf4u/ko="
            }
          },
          "IL/X8U/qZiOuycCxfxZnfBNfGX2HvVm9wRLe1UFx/5Y=": {
            "valueMac": {
              "type": "Buffer",
              "data": "1dJL2U3o0f5XQYwLu7aNT9bBAKIdWWEgyjtthaC4fd0="
            }
          }
        }
      },
      "regular_low": {
        "version": 1,
        "hash": {
          "type": "Buffer",
          "data": "WJ6ue5nGeZ+i0LW6BvDtbg1uwmeUGdNS2nrnag31qP1pDCGlPe2wUjYtXXiA+4j7cl4oe4ToOrt4baPEzNBbachIfEZ7u9h36zIjEbFnOgf1XH/N1QZR5hEYK/R2GP8rtRG62vn4GH3F408huKPxwNFuQoIV7VLGMciQzvKFMQo="
        },
        "indexValueMap": {
          "0erFaHQhctZXabHmjGr73MHOyZZSzEW5t/2Sv/JSPO8=": {
            "valueMac": {
              "type": "Buffer",
              "data": "PnGOTGuBpL89ZCa80a1qHh7T2sotweGD6VDao1uqW84="
            }
          },
          "lJ8I0M7BUKf9GarFeRF1nuLogki4aLis22RE+wYkoyg=": {
            "valueMac": {
              "type": "Buffer",
              "data": "KAOw4Hii8aE6MuWClf6DlLG6ZbC+v/CZDeul6oYeIDo="
            }
          }
        }
      }
    },
    "senderKeys": {
      "120363040205262341@g.us::6283119591196::0": [
        {
          "senderKeyId": 165700433,
          "senderChainKey": {
            "iteration": 4,
            "seed": "bsY8y4hDXn9ceSV1rU0E6ycvVYgWQXJ5Olq7JvQZWwc="
          },
          "senderSigningKey": {
            "public": "BePHEtFw8HeDj6wpjiv7AUuGc0K2YIXm4gC/Pcrlahof"
          }
        }
      ],
      "120363040205262341@g.us::6285700532249:1::0": [
        {
          "senderKeyId": 365596070,
          "senderChainKey": {
            "iteration": 3,
            "seed": "e0sKZ1c+1t0O+UaTHspm8hnMy3YOd7ZyIaJHQy8PWd4="
          },
          "senderSigningKey": {
            "public": "BQvcDWB5IqPOF0dY+rbT/HPGiv6CCtQZU6yROQbMGpAu",
            "private": "qCssB8eosbne7WnHBSKMkdBVGkyMX71jS1cSbAae0VQ="
          }
        }
      ],
      "120363043322639069@g.us::6283119591196::0": [
        {
          "senderKeyId": 1738089608,
          "senderChainKey": {
            "iteration": 396,
            "seed": "+i5fpJjPFPDUqTlqIM5n9MOec25roXBnJU4vBgJUXcw="
          },
          "senderSigningKey": {
            "public": "BSVGtGwVmn3QxpZs2r0AzxbOhGzfYCxpsPAuCMo2vRYv"
          },
          "senderMessageKeys": [
            {
              "iteration": 386,
              "seed": "wldAlyZoLGJ7L11nJ57Oz+m+h3NmPQs/cmkpcoXPHKI="
            }
          ]
        },
        {
          "senderKeyId": 1738089608,
          "senderChainKey": {
            "iteration": 387,
            "seed": "Wra6ALwlOD2GEjyF9ZXhXh7tvRGz9VrGi7G5tnDPn0Q="
          },
          "senderSigningKey": {
            "public": "BSVGtGwVmn3QxpZs2r0AzxbOhGzfYCxpsPAuCMo2vRYv"
          },
          "senderMessageKeys": []
        }
      ],
      "120363043322639069@g.us::6281272481030::0": [
        {
          "senderKeyId": 1590213020,
          "senderChainKey": {
            "iteration": 3,
            "seed": "5A2Rp23ob2WmhO67+eZ13B/GZnnzSzROvRr6eir2iI4="
          },
          "senderSigningKey": {
            "public": "BTdrqaO8tYThHYrCPsHSEMxdJleqAtclNMW50Hw6gHJO"
          }
        }
      ],
      "120363043322639069@g.us::6282323257991::0": [
        {
          "senderKeyId": 771884364,
          "senderChainKey": {
            "iteration": 6,
            "seed": "zKVsEZVVtSvJ3vYeRsOzFPItv63nmzMNUg0nmNC+ohI="
          },
          "senderSigningKey": {
            "public": "BQeDGq9lpveGUDqASpWQWmX0noU8JsbCUPx0Xykp3fJP"
          }
        }
      ],
      "120363043322639069@g.us::6288221534607::0": [
        {
          "senderKeyId": 581960804,
          "senderChainKey": {
            "iteration": 36,
            "seed": "ZPAH+XRMUbG+kUzGAwK1M1Vy7tLF22oNRv4kHeXFf10="
          },
          "senderSigningKey": {
            "public": "BcvaEzVHhF/RC7FZdWxeF5FPW/3t33W+aIUkyoNivoAE"
          }
        }
      ],
      "120363043322639069@g.us::6281262183156::0": [
        {
          "senderKeyId": 26202817,
          "senderChainKey": {
            "iteration": 62,
            "seed": "inzfc8m5Z3SyQ5vNMcx810OeNJT68aJPMLIaqkY2ChY="
          },
          "senderSigningKey": {
            "public": "BXH2r+Y6hy01gtkMSP9pukYxzAtT56x3kzVM+Kg5Tn9c"
          }
        },
        {
          "senderKeyId": 26202817,
          "senderChainKey": {
            "iteration": 64,
            "seed": "5roFKGURecKJQQN2XCspSvH7lQ3+21wZGQJprfW/y2g="
          },
          "senderSigningKey": {
            "public": "BXH2r+Y6hy01gtkMSP9pukYxzAtT56x3kzVM+Kg5Tn9c"
          }
        },
        {
          "senderKeyId": 26202817,
          "senderChainKey": {
            "iteration": 64,
            "seed": "5roFKGURecKJQQN2XCspSvH7lQ3+21wZGQJprfW/y2g="
          },
          "senderSigningKey": {
            "public": "BXH2r+Y6hy01gtkMSP9pukYxzAtT56x3kzVM+Kg5Tn9c"
          }
        }
      ],
      "120363043322639069@g.us::6287826762445::0": [
        {
          "senderKeyId": 1700923021,
          "senderChainKey": {
            "iteration": 3,
            "seed": "17rO4hEaPxg7U54ktKl+kIRpLoF4MMwa3+TDjMl/EAs="
          },
          "senderSigningKey": {
            "public": "BSLvCvWvH0fh85hPj0Gufgv+6cv9BIgN0/TCnEN4pulZ"
          }
        }
      ],
      "120363043322639069@g.us::6281255590176::0": [
        {
          "senderKeyId": 737631351,
          "senderChainKey": {
            "iteration": 27,
            "seed": "1j/g/a/ksIwqh8QeLfAJd9tqakTgRTKytM+LOf4skD0="
          },
          "senderSigningKey": {
            "public": "BYdTI4Dos26FodoXO0VCA4lOaSb8wSX6IUk21JtdiglW"
          }
        }
      ],
      "120363043322639069@g.us::6288225158165::0": [
        {
          "senderKeyId": 959496419,
          "senderChainKey": {
            "iteration": 9,
            "seed": "kQTxR+BHybN/FWfifXDBqkO42ONy0Q7KM/zNOjWo4nU="
          },
          "senderSigningKey": {
            "public": "BfTTw5mz9jArC8QKWWTyli1G2PztfG+Lhus2YsX6CvJf"
          }
        }
      ],
      "120363043322639069@g.us::6285712056061::0": [
        {
          "senderKeyId": 452292177,
          "senderChainKey": {
            "iteration": 4,
            "seed": "/mOnSMSxT9nI8vMhAz75TYQVNAkNdZn4ZKZfX3S1XEI="
          },
          "senderSigningKey": {
            "public": "BUagbO6fAjKGWT9Hcs8m+57ptgyjZLWZKaGf+K6PZxon"
          }
        }
      ]
    },
    "senderKeyMemory": {
      "120363040205262341@g.us": {
        "6285700532249@s.whatsapp.net": true,
        "6283119591196@s.whatsapp.net": true
      }
    }
  }
}